pfCode,yr,period,periodDesc,aggrLevel,IsLeaf,rgCode,rgDesc,rtCode,rtTitle,rt3ISO,ptCode,ptTitle,pt3ISO,ptCode2,ptTitle2,pt3ISO2,cstCode,cstDesc,motCode,motDesc,cmdCode,cmdDescE,qtCode,qtDesc,qtAltCode,qtAltDesc,TradeQuantity,AltQuantity,NetWeight,GrossWeight,TradeValue,CIFValue,FOBValue,estCode
HS,2013,201310,October 2013,2,0,1,Imports,678,Sao Tome and Principe,,0,World,,,,,,,,,02,Meat and edible meat offal,,,,,,,,,200532,,,0
HS,2013,201310,October 2013,2,0,1,Imports,678,Sao Tome and Principe,,620,Portugal,,,,,,,,,02,Meat and edible meat offal,,,,,,,,,200532,,,0
HS,2013,201310,October 2013,2,0,1,Imports,678,Sao Tome and Principe,,0,World,,,,,,,,,03,"Fish and crustaceans, molluscs and other aquatic invertebrates",,,,,,,,,12105,,,0
HS,2013,201310,October 2013,2,0,1,Imports,678,Sao Tome and Principe,,620,Portugal,,,,,,,,,03,"Fish and crustaceans, molluscs and other aquatic invertebrates",,,,,,,,,12105,,,0
HS,2013,201310,October 2013,2,0,1,Imports,678,Sao Tome and Principe,,0,World,,,,,,,,,04,"Dairy produce; birds' eggs; natural honey; edible products of animal origin, not elsewhere specified or included",,,,,,,,,226472,,,0
HS,2013,201310,October 2013,2,0,1,Imports,678,Sao Tome and Principe,,251,France,,,,,,,,,04,"Dairy produce; birds' eggs; natural honey; edible products of animal origin, not elsewhere specified or included",,,,,,,,,89,,,0
HS,2013,201310,October 2013,2,0,1,Imports,678,Sao Tome and Principe,,620,Portugal,,,,,,,,,04,"Dairy produce; birds' eggs; natural honey; edible products of animal origin, not elsewhere specified or included",,,,,,,,,226383,,,0
HS,2013,201310,October 2013,2,0,1,Imports,678,Sao Tome and Principe,,0,World,,,,,,,,,05,Animal originated products; not elsewhere specified or included,,,,,,,,,39,,,0
HS,2013,201310,October 2013,2,0,1,Imports,678,Sao Tome and Principe,,620,Portugal,,,,,,,,,05,Animal originated products; not elsewhere specified or included,,,,,,,,,39,,,0
HS,2013,201310,October 2013,2,0,1,Imports,678,Sao Tome and Principe,,0,World,,,,,,,,,07,Vegetables and certain roots and tubers; edible,,,,,,,,,179340,,,0
HS,2013,201310,October 2013,2,0,1,Imports,678,Sao Tome and Principe,,132,Cabo Verde,,,,,,,,,07,Vegetables and certain roots and tubers; edible,,,,,,,,,9691,,,0
HS,2013,201310,October 2013,2,0,1,Imports,678,Sao Tome and Principe,,251,France,,,,,,,,,07,Vegetables and certain roots and tubers; edible,,,,,,,,,128,,,0
HS,2013,201310,October 2013,2,0,1,Imports,678,Sao Tome and Principe,,266,Gabon,,,,,,,,,07,Vegetables and certain roots and tubers; edible,,,,,,,,,880,,,0
HS,2013,201310,October 2013,2,0,1,Imports,678,Sao Tome and Principe,,620,Portugal,,,,,,,,,07,Vegetables and certain roots and tubers; edible,,,,,,,,,166339,,,0
HS,2013,201310,October 2013,2,0,1,Imports,678,Sao Tome and Principe,,768,Togo,,,,,,,,,07,Vegetables and certain roots and tubers; edible,,,,,,,,,2302,,,0
HS,2013,201310,October 2013,2,0,1,Imports,678,Sao Tome and Principe,,0,World,,,,,,,,,08,"Fruit and nuts, edible; peel of citrus fruit or melons",,,,,,,,,58246,,,0
HS,2013,201310,October 2013,2,0,1,Imports,678,Sao Tome and Principe,,251,France,,,,,,,,,08,"Fruit and nuts, edible; peel of citrus fruit or melons",,,,,,,,,388,,,0
HS,2013,201310,October 2013,2,0,1,Imports,678,Sao Tome and Principe,,620,Portugal,,,,,,,,,08,"Fruit and nuts, edible; peel of citrus fruit or melons",,,,,,,,,57858,,,0
HS,2013,201310,October 2013,2,0,1,Imports,678,Sao Tome and Principe,,0,World,,,,,,,,,09,"Coffee, tea, mate and spices",,,,,,,,,24095,,,0
HS,2013,201310,October 2013,2,0,1,Imports,678,Sao Tome and Principe,,156,China,,,,,,,,,09,"Coffee, tea, mate and spices",,,,,,,,,1519,,,0
HS,2013,201310,October 2013,2,0,1,Imports,678,Sao Tome and Principe,,251,France,,,,,,,,,09,"Coffee, tea, mate and spices",,,,,,,,,492,,,0
HS,2013,201310,October 2013,2,0,1,Imports,678,Sao Tome and Principe,,620,Portugal,,,,,,,,,09,"Coffee, tea, mate and spices",,,,,,,,,22084,,,0
HS,2013,201310,October 2013,2,0,1,Imports,678,Sao Tome and Principe,,0,World,,,,,,,,,10,Cereals,,,,,,,,,767896,,,0
HS,2013,201310,October 2013,2,0,1,Imports,678,Sao Tome and Principe,,76,Brazil,,,,,,,,,10,Cereals,,,,,,,,,87329,,,0
HS,2013,201310,October 2013,2,0,1,Imports,678,Sao Tome and Principe,,251,France,,,,,,,,,10,Cereals,,,,,,,,,133,,,0
HS,2013,201310,October 2013,2,0,1,Imports,678,Sao Tome and Principe,,392,Japan,,,,,,,,,10,Cereals,,,,,,,,,330426,,,0
HS,2013,201310,October 2013,2,0,1,Imports,678,Sao Tome and Principe,,620,Portugal,,,,,,,,,10,Cereals,,,,,,,,,350008,,,0
HS,2013,201310,October 2013,2,0,1,Imports,678,Sao Tome and Principe,,0,World,,,,,,,,,11,"Products of the milling industry; malt, starches, inulin, wheat gluten",,,,,,,,,674346,,,0
HS,2013,201310,October 2013,2,0,1,Imports,678,Sao Tome and Principe,,251,France,,,,,,,,,11,"Products of the milling industry; malt, starches, inulin, wheat gluten",,,,,,,,,178,,,0
HS,2013,201310,October 2013,2,0,1,Imports,678,Sao Tome and Principe,,620,Portugal,,,,,,,,,11,"Products of the milling industry; malt, starches, inulin, wheat gluten",,,,,,,,,674168,,,0
HS,2013,201310,October 2013,2,0,1,Imports,678,Sao Tome and Principe,,0,World,,,,,,,,,12,"Oil seeds and oleaginous fruits; miscellaneous grains, seeds and fruit, industrial or medicinal plants; straw and fodder",,,,,,,,,8830,,,0
HS,2013,201310,October 2013,2,0,1,Imports,678,Sao Tome and Principe,,620,Portugal,,,,,,,,,12,"Oil seeds and oleaginous fruits; miscellaneous grains, seeds and fruit, industrial or medicinal plants; straw and fodder",,,,,,,,,8830,,,0
HS,2013,201310,October 2013,2,0,1,Imports,678,Sao Tome and Principe,,0,World,,,,,,,,,15,Animal or vegetable fats and oils and their cleavage products; prepared animal fats; animal or vegetable waxes,,,,,,,,,339524,,,0
HS,2013,201310,October 2013,2,0,1,Imports,678,Sao Tome and Principe,,251,France,,,,,,,,,15,Animal or vegetable fats and oils and their cleavage products; prepared animal fats; animal or vegetable waxes,,,,,,,,,67,,,0
HS,2013,201310,October 2013,2,0,1,Imports,678,Sao Tome and Principe,,620,Portugal,,,,,,,,,15,Animal or vegetable fats and oils and their cleavage products; prepared animal fats; animal or vegetable waxes,,,,,,,,,339458,,,0
HS,2013,201310,October 2013,2,0,1,Imports,678,Sao Tome and Principe,,0,World,,,,,,,,,16,"Meat, fish or crustaceans, molluscs or other aquatic invertebrates; preparations thereof",,,,,,,,,164368,,,0
HS,2013,201310,October 2013,2,0,1,Imports,678,Sao Tome and Principe,,251,France,,,,,,,,,16,"Meat, fish or crustaceans, molluscs or other aquatic invertebrates; preparations thereof",,,,,,,,,682,,,0
HS,2013,201310,October 2013,2,0,1,Imports,678,Sao Tome and Principe,,620,Portugal,,,,,,,,,16,"Meat, fish or crustaceans, molluscs or other aquatic invertebrates; preparations thereof",,,,,,,,,163687,,,0
HS,2013,201310,October 2013,2,0,1,Imports,678,Sao Tome and Principe,,0,World,,,,,,,,,17,Sugars and sugar confectionery,,,,,,,,,185514,,,0
HS,2013,201310,October 2013,2,0,1,Imports,678,Sao Tome and Principe,,251,France,,,,,,,,,17,Sugars and sugar confectionery,,,,,,,,,863,,,0
HS,2013,201310,October 2013,2,0,1,Imports,678,Sao Tome and Principe,,620,Portugal,,,,,,,,,17,Sugars and sugar confectionery,,,,,,,,,184651,,,0
HS,2013,201310,October 2013,2,0,1,Imports,678,Sao Tome and Principe,,0,World,,,,,,,,,18,Cocoa and cocoa preparations,,,,,,,,,23239,,,0
HS,2013,201310,October 2013,2,0,1,Imports,678,Sao Tome and Principe,,251,France,,,,,,,,,18,Cocoa and cocoa preparations,,,,,,,,,2653,,,0
HS,2013,201310,October 2013,2,0,1,Imports,678,Sao Tome and Principe,,620,Portugal,,,,,,,,,18,Cocoa and cocoa preparations,,,,,,,,,18455,,,0
HS,2013,201310,October 2013,2,0,1,Imports,678,Sao Tome and Principe,,792,Turkey,,,,,,,,,18,Cocoa and cocoa preparations,,,,,,,,,2131,,,0
HS,2013,201310,October 2013,2,0,1,Imports,678,Sao Tome and Principe,,0,World,,,,,,,,,19,"Preparations of cereals, flour, starch or milk; pastrycooks' products",,,,,,,,,341753,,,0
HS,2013,201310,October 2013,2,0,1,Imports,678,Sao Tome and Principe,,251,France,,,,,,,,,19,"Preparations of cereals, flour, starch or milk; pastrycooks' products",,,,,,,,,4828,,,0
HS,2013,201310,October 2013,2,0,1,Imports,678,Sao Tome and Principe,,266,Gabon,,,,,,,,,19,"Preparations of cereals, flour, starch or milk; pastrycooks' products",,,,,,,,,117,,,0
HS,2013,201310,October 2013,2,0,1,Imports,678,Sao Tome and Principe,,586,Pakistan,,,,,,,,,19,"Preparations of cereals, flour, starch or milk; pastrycooks' products",,,,,,,,,42920,,,0
HS,2013,201310,October 2013,2,0,1,Imports,678,Sao Tome and Principe,,620,Portugal,,,,,,,,,19,"Preparations of cereals, flour, starch or milk; pastrycooks' products",,,,,,,,,261594,,,0
HS,2013,201310,October 2013,2,0,1,Imports,678,Sao Tome and Principe,,784,United Arab Emirates,,,,,,,,,19,"Preparations of cereals, flour, starch or milk; pastrycooks' products",,,,,,,,,20360,,,0
HS,2013,201310,October 2013,2,0,1,Imports,678,Sao Tome and Principe,,792,Turkey,,,,,,,,,19,"Preparations of cereals, flour, starch or milk; pastrycooks' products",,,,,,,,,11933,,,0
HS,2013,201310,October 2013,2,0,1,Imports,678,Sao Tome and Principe,,0,World,,,,,,,,,20,"Preparations of vegetables, fruit, nuts or other parts of plants",,,,,,,,,240487,,,0
HS,2013,201310,October 2013,2,0,1,Imports,678,Sao Tome and Principe,,251,France,,,,,,,,,20,"Preparations of vegetables, fruit, nuts or other parts of plants",,,,,,,,,2252,,,0
HS,2013,201310,October 2013,2,0,1,Imports,678,Sao Tome and Principe,,381,Italy,,,,,,,,,20,"Preparations of vegetables, fruit, nuts or other parts of plants",,,,,,,,,124401,,,0
HS,2013,201310,October 2013,2,0,1,Imports,678,Sao Tome and Principe,,620,Portugal,,,,,,,,,20,"Preparations of vegetables, fruit, nuts or other parts of plants",,,,,,,,,113834,,,0
HS,2013,201310,October 2013,2,0,1,Imports,678,Sao Tome and Principe,,0,World,,,,,,,,,21,Miscellaneous edible preparations,,,,,,,,,66299,,,0
HS,2013,201310,October 2013,2,0,1,Imports,678,Sao Tome and Principe,,251,France,,,,,,,,,21,Miscellaneous edible preparations,,,,,,,,,1679,,,0
HS,2013,201310,October 2013,2,0,1,Imports,678,Sao Tome and Principe,,620,Portugal,,,,,,,,,21,Miscellaneous edible preparations,,,,,,,,,64619,,,0
HS,2013,201310,October 2013,2,0,1,Imports,678,Sao Tome and Principe,,0,World,,,,,,,,,22,"Beverages, spirits and vinegar",,,,,,,,,1707965,,,0
HS,2013,201310,October 2013,2,0,1,Imports,678,Sao Tome and Principe,,251,France,,,,,,,,,22,"Beverages, spirits and vinegar",,,,,,,,,4274,,,0
HS,2013,201310,October 2013,2,0,1,Imports,678,Sao Tome and Principe,,266,Gabon,,,,,,,,,22,"Beverages, spirits and vinegar",,,,,,,,,3397,,,0
HS,2013,201310,October 2013,2,0,1,Imports,678,Sao Tome and Principe,,620,Portugal,,,,,,,,,22,"Beverages, spirits and vinegar",,,,,,,,,1689864,,,0
HS,2013,201310,October 2013,2,0,1,Imports,678,Sao Tome and Principe,,792,Turkey,,,,,,,,,22,"Beverages, spirits and vinegar",,,,,,,,,10430,,,0
HS,2013,201310,October 2013,2,0,1,Imports,678,Sao Tome and Principe,,0,World,,,,,,,,,23,"Food industries, residues and wastes thereof; prepared animal fodder",,,,,,,,,165452,,,0
HS,2013,201310,October 2013,2,0,1,Imports,678,Sao Tome and Principe,,251,France,,,,,,,,,23,"Food industries, residues and wastes thereof; prepared animal fodder",,,,,,,,,3005,,,0
HS,2013,201310,October 2013,2,0,1,Imports,678,Sao Tome and Principe,,620,Portugal,,,,,,,,,23,"Food industries, residues and wastes thereof; prepared animal fodder",,,,,,,,,162447,,,0
HS,2013,201310,October 2013,2,0,1,Imports,678,Sao Tome and Principe,,0,World,,,,,,,,,24,Tobacco and manufactured tobacco substitutes,,,,,,,,,488,,,0
HS,2013,201310,October 2013,2,0,1,Imports,678,Sao Tome and Principe,,24,Angola,,,,,,,,,24,Tobacco and manufactured tobacco substitutes,,,,,,,,,488,,,0
HS,2013,201310,October 2013,2,0,1,Imports,678,Sao Tome and Principe,,0,World,,,,,,,,,25,"Salt; sulphur; earths, stone; plastering materials, lime and cement",,,,,,,,,480116,,,0
HS,2013,201310,October 2013,2,0,1,Imports,678,Sao Tome and Principe,,620,Portugal,,,,,,,,,25,"Salt; sulphur; earths, stone; plastering materials, lime and cement",,,,,,,,,480116,,,0
HS,2013,201310,October 2013,2,0,1,Imports,678,Sao Tome and Principe,,0,World,,,,,,,,,27,"Mineral fuels, mineral oils and products of their distillation; bituminous substances; mineral waxes",,,,,,,,,3571817,,,0
HS,2013,201310,October 2013,2,0,1,Imports,678,Sao Tome and Principe,,24,Angola,,,,,,,,,27,"Mineral fuels, mineral oils and products of their distillation; bituminous substances; mineral waxes",,,,,,,,,3421482,,,0
HS,2013,201310,October 2013,2,0,1,Imports,678,Sao Tome and Principe,,266,Gabon,,,,,,,,,27,"Mineral fuels, mineral oils and products of their distillation; bituminous substances; mineral waxes",,,,,,,,,19270,,,0
HS,2013,201310,October 2013,2,0,1,Imports,678,Sao Tome and Principe,,620,Portugal,,,,,,,,,27,"Mineral fuels, mineral oils and products of their distillation; bituminous substances; mineral waxes",,,,,,,,,131002,,,0
HS,2013,201310,October 2013,2,0,1,Imports,678,Sao Tome and Principe,,826,United Kingdom,,,,,,,,,27,"Mineral fuels, mineral oils and products of their distillation; bituminous substances; mineral waxes",,,,,,,,,64,,,0
HS,2013,201310,October 2013,2,0,1,Imports,678,Sao Tome and Principe,,0,World,,,,,,,,,28,"Inorganic chemicals; organic and inorganic compounds of precious metals; of rare earth metals, of radio-active elements and of isotopes",,,,,,,,,71610,,,0
HS,2013,201310,October 2013,2,0,1,Imports,678,Sao Tome and Principe,,251,France,,,,,,,,,28,"Inorganic chemicals; organic and inorganic compounds of precious metals; of rare earth metals, of radio-active elements and of isotopes",,,,,,,,,70,,,0
HS,2013,201310,October 2013,2,0,1,Imports,678,Sao Tome and Principe,,266,Gabon,,,,,,,,,28,"Inorganic chemicals; organic and inorganic compounds of precious metals; of rare earth metals, of radio-active elements and of isotopes",,,,,,,,,1846,,,0
HS,2013,201310,October 2013,2,0,1,Imports,678,Sao Tome and Principe,,566,Nigeria,,,,,,,,,28,"Inorganic chemicals; organic and inorganic compounds of precious metals; of rare earth metals, of radio-active elements and of isotopes",,,,,,,,,113,,,0
HS,2013,201310,October 2013,2,0,1,Imports,678,Sao Tome and Principe,,620,Portugal,,,,,,,,,28,"Inorganic chemicals; organic and inorganic compounds of precious metals; of rare earth metals, of radio-active elements and of isotopes",,,,,,,,,67187,,,0
HS,2013,201310,October 2013,2,0,1,Imports,678,Sao Tome and Principe,,842,United States of America,,,,,,,,,28,"Inorganic chemicals; organic and inorganic compounds of precious metals; of rare earth metals, of radio-active elements and of isotopes",,,,,,,,,2394,,,0
HS,2013,201310,October 2013,2,0,1,Imports,678,Sao Tome and Principe,,0,World,,,,,,,,,29,Organic chemicals,,,,,,,,,39745,,,0
HS,2013,201310,October 2013,2,0,1,Imports,678,Sao Tome and Principe,,620,Portugal,,,,,,,,,29,Organic chemicals,,,,,,,,,39745,,,0
HS,2013,201310,October 2013,2,0,1,Imports,678,Sao Tome and Principe,,0,World,,,,,,,,,30,Pharmaceutical products,,,,,,,,,49874,,,0
HS,2013,201310,October 2013,2,0,1,Imports,678,Sao Tome and Principe,,24,Angola,,,,,,,,,30,Pharmaceutical products,,,,,,,,,755,,,0
HS,2013,201310,October 2013,2,0,1,Imports,678,Sao Tome and Principe,,40,Austria,,,,,,,,,30,Pharmaceutical products,,,,,,,,,7188,,,0
HS,2013,201310,October 2013,2,0,1,Imports,678,Sao Tome and Principe,,56,Belgium,,,,,,,,,30,Pharmaceutical products,,,,,,,,,6218,,,0
HS,2013,201310,October 2013,2,0,1,Imports,678,Sao Tome and Principe,,132,Cabo Verde,,,,,,,,,30,Pharmaceutical products,,,,,,,,,1243,,,0
HS,2013,201310,October 2013,2,0,1,Imports,678,Sao Tome and Principe,,208,Denmark,,,,,,,,,30,Pharmaceutical products,,,,,,,,,3462,,,0
HS,2013,201310,October 2013,2,0,1,Imports,678,Sao Tome and Principe,,528,Netherlands,,,,,,,,,30,Pharmaceutical products,,,,,,,,,1972,,,0
HS,2013,201310,October 2013,2,0,1,Imports,678,Sao Tome and Principe,,620,Portugal,,,,,,,,,30,Pharmaceutical products,,,,,,,,,22360,,,0
HS,2013,201310,October 2013,2,0,1,Imports,678,Sao Tome and Principe,,826,United Kingdom,,,,,,,,,30,Pharmaceutical products,,,,,,,,,6678,,,0
HS,2013,201310,October 2013,2,0,1,Imports,678,Sao Tome and Principe,,0,World,,,,,,,,,32,"Tanning or dyeing extracts; tannins and their derivatives; dyes, pigments and other colouring matter; paints, varnishes; putty, other mastics; inks",,,,,,,,,71112,,,0
HS,2013,201310,October 2013,2,0,1,Imports,678,Sao Tome and Principe,,56,Belgium,,,,,,,,,32,"Tanning or dyeing extracts; tannins and their derivatives; dyes, pigments and other colouring matter; paints, varnishes; putty, other mastics; inks",,,,,,,,,208,,,0
HS,2013,201310,October 2013,2,0,1,Imports,678,Sao Tome and Principe,,251,France,,,,,,,,,32,"Tanning or dyeing extracts; tannins and their derivatives; dyes, pigments and other colouring matter; paints, varnishes; putty, other mastics; inks",,,,,,,,,315,,,0
HS,2013,201310,October 2013,2,0,1,Imports,678,Sao Tome and Principe,,620,Portugal,,,,,,,,,32,"Tanning or dyeing extracts; tannins and their derivatives; dyes, pigments and other colouring matter; paints, varnishes; putty, other mastics; inks",,,,,,,,,49158,,,0
HS,2013,201310,October 2013,2,0,1,Imports,678,Sao Tome and Principe,,784,United Arab Emirates,,,,,,,,,32,"Tanning or dyeing extracts; tannins and their derivatives; dyes, pigments and other colouring matter; paints, varnishes; putty, other mastics; inks",,,,,,,,,20596,,,0
HS,2013,201310,October 2013,2,0,1,Imports,678,Sao Tome and Principe,,842,United States of America,,,,,,,,,32,"Tanning or dyeing extracts; tannins and their derivatives; dyes, pigments and other colouring matter; paints, varnishes; putty, other mastics; inks",,,,,,,,,835,,,0
HS,2013,201310,October 2013,2,0,1,Imports,678,Sao Tome and Principe,,0,World,,,,,,,,,33,"Essential oils and resinoids; perfumery, cosmetic or toilet preparations",,,,,,,,,119764,,,0
HS,2013,201310,October 2013,2,0,1,Imports,678,Sao Tome and Principe,,132,Cabo Verde,,,,,,,,,33,"Essential oils and resinoids; perfumery, cosmetic or toilet preparations",,,,,,,,,47,,,0
HS,2013,201310,October 2013,2,0,1,Imports,678,Sao Tome and Principe,,251,France,,,,,,,,,33,"Essential oils and resinoids; perfumery, cosmetic or toilet preparations",,,,,,,,,4455,,,0
HS,2013,201310,October 2013,2,0,1,Imports,678,Sao Tome and Principe,,620,Portugal,,,,,,,,,33,"Essential oils and resinoids; perfumery, cosmetic or toilet preparations",,,,,,,,,112648,,,0
HS,2013,201310,October 2013,2,0,1,Imports,678,Sao Tome and Principe,,784,United Arab Emirates,,,,,,,,,33,"Essential oils and resinoids; perfumery, cosmetic or toilet preparations",,,,,,,,,2614,,,0
HS,2013,201310,October 2013,2,0,1,Imports,678,Sao Tome and Principe,,0,World,,,,,,,,,34,"Soap, organic surface-active agents; washing, lubricating, polishing or scouring preparations; artificial or prepared waxes, candles and similar articles, modelling pastes, ""dental waxes"" and dental preparations with a basis of plaster",,,,,,,,,271728,,,0
HS,2013,201310,October 2013,2,0,1,Imports,678,Sao Tome and Principe,,251,France,,,,,,,,,34,"Soap, organic surface-active agents; washing, lubricating, polishing or scouring preparations; artificial or prepared waxes, candles and similar articles, modelling pastes, ""dental waxes"" and dental preparations with a basis of plaster",,,,,,,,,2175,,,0
HS,2013,201310,October 2013,2,0,1,Imports,678,Sao Tome and Principe,,620,Portugal,,,,,,,,,34,"Soap, organic surface-active agents; washing, lubricating, polishing or scouring preparations; artificial or prepared waxes, candles and similar articles, modelling pastes, ""dental waxes"" and dental preparations with a basis of plaster",,,,,,,,,269394,,,0
HS,2013,201310,October 2013,2,0,1,Imports,678,Sao Tome and Principe,,784,United Arab Emirates,,,,,,,,,34,"Soap, organic surface-active agents; washing, lubricating, polishing or scouring preparations; artificial or prepared waxes, candles and similar articles, modelling pastes, ""dental waxes"" and dental preparations with a basis of plaster",,,,,,,,,160,,,0
HS,2013,201310,October 2013,2,0,1,Imports,678,Sao Tome and Principe,,0,World,,,,,,,,,35,Albuminoidal substances; modified starches; glues; enzymes,,,,,,,,,3510,,,0
HS,2013,201310,October 2013,2,0,1,Imports,678,Sao Tome and Principe,,251,France,,,,,,,,,35,Albuminoidal substances; modified starches; glues; enzymes,,,,,,,,,171,,,0
HS,2013,201310,October 2013,2,0,1,Imports,678,Sao Tome and Principe,,620,Portugal,,,,,,,,,35,Albuminoidal substances; modified starches; glues; enzymes,,,,,,,,,2448,,,0
HS,2013,201310,October 2013,2,0,1,Imports,678,Sao Tome and Principe,,784,United Arab Emirates,,,,,,,,,35,Albuminoidal substances; modified starches; glues; enzymes,,,,,,,,,892,,,0
HS,2013,201310,October 2013,2,0,1,Imports,678,Sao Tome and Principe,,0,World,,,,,,,,,36,Explosives; pyrotechnic products; matches; pyrophoric alloys; certain combustible preparations,,,,,,,,,17466,,,0
HS,2013,201310,October 2013,2,0,1,Imports,678,Sao Tome and Principe,,620,Portugal,,,,,,,,,36,Explosives; pyrotechnic products; matches; pyrophoric alloys; certain combustible preparations,,,,,,,,,17466,,,0
HS,2013,201310,October 2013,2,0,1,Imports,678,Sao Tome and Principe,,0,World,,,,,,,,,37,Photographic or cinematographic goods,,,,,,,,,4189,,,0
HS,2013,201310,October 2013,2,0,1,Imports,678,Sao Tome and Principe,,620,Portugal,,,,,,,,,37,Photographic or cinematographic goods,,,,,,,,,4189,,,0
HS,2013,201310,October 2013,2,0,1,Imports,678,Sao Tome and Principe,,0,World,,,,,,,,,38,Chemical products n.e.s.,,,,,,,,,110788,,,0
HS,2013,201310,October 2013,2,0,1,Imports,678,Sao Tome and Principe,,251,France,,,,,,,,,38,Chemical products n.e.s.,,,,,,,,,610,,,0
HS,2013,201310,October 2013,2,0,1,Imports,678,Sao Tome and Principe,,266,Gabon,,,,,,,,,38,Chemical products n.e.s.,,,,,,,,,255,,,0
HS,2013,201310,October 2013,2,0,1,Imports,678,Sao Tome and Principe,,620,Portugal,,,,,,,,,38,Chemical products n.e.s.,,,,,,,,,15666,,,0
HS,2013,201310,October 2013,2,0,1,Imports,678,Sao Tome and Principe,,710,South Africa,,,,,,,,,38,Chemical products n.e.s.,,,,,,,,,89480,,,0
HS,2013,201310,October 2013,2,0,1,Imports,678,Sao Tome and Principe,,784,United Arab Emirates,,,,,,,,,38,Chemical products n.e.s.,,,,,,,,,4777,,,0
HS,2013,201310,October 2013,2,0,1,Imports,678,Sao Tome and Principe,,0,World,,,,,,,,,39,Plastics and articles thereof,,,,,,,,,362937,,,0
HS,2013,201310,October 2013,2,0,1,Imports,678,Sao Tome and Principe,,56,Belgium,,,,,,,,,39,Plastics and articles thereof,,,,,,,,,1629,,,0
HS,2013,201310,October 2013,2,0,1,Imports,678,Sao Tome and Principe,,251,France,,,,,,,,,39,Plastics and articles thereof,,,,,,,,,2058,,,0
HS,2013,201310,October 2013,2,0,1,Imports,678,Sao Tome and Principe,,266,Gabon,,,,,,,,,39,Plastics and articles thereof,,,,,,,,,792,,,0
HS,2013,201310,October 2013,2,0,1,Imports,678,Sao Tome and Principe,,528,Netherlands,,,,,,,,,39,Plastics and articles thereof,,,,,,,,,49,,,0
HS,2013,201310,October 2013,2,0,1,Imports,678,Sao Tome and Principe,,566,Nigeria,,,,,,,,,39,Plastics and articles thereof,,,,,,,,,1827,,,0
HS,2013,201310,October 2013,2,0,1,Imports,678,Sao Tome and Principe,,620,Portugal,,,,,,,,,39,Plastics and articles thereof,,,,,,,,,355933,,,0
HS,2013,201310,October 2013,2,0,1,Imports,678,Sao Tome and Principe,,784,United Arab Emirates,,,,,,,,,39,Plastics and articles thereof,,,,,,,,,649,,,0
HS,2013,201310,October 2013,2,0,1,Imports,678,Sao Tome and Principe,,0,World,,,,,,,,,40,Rubber and articles thereof,,,,,,,,,195720,,,0
HS,2013,201310,October 2013,2,0,1,Imports,678,Sao Tome and Principe,,24,Angola,,,,,,,,,40,Rubber and articles thereof,,,,,,,,,2566,,,0
HS,2013,201310,October 2013,2,0,1,Imports,678,Sao Tome and Principe,,156,China,,,,,,,,,40,Rubber and articles thereof,,,,,,,,,18472,,,0
HS,2013,201310,October 2013,2,0,1,Imports,678,Sao Tome and Principe,,251,France,,,,,,,,,40,Rubber and articles thereof,,,,,,,,,44,,,0
HS,2013,201310,October 2013,2,0,1,Imports,678,Sao Tome and Principe,,470,Malta,,,,,,,,,40,Rubber and articles thereof,,,,,,,,,16,,,0
HS,2013,201310,October 2013,2,0,1,Imports,678,Sao Tome and Principe,,566,Nigeria,,,,,,,,,40,Rubber and articles thereof,,,,,,,,,7179,,,0
HS,2013,201310,October 2013,2,0,1,Imports,678,Sao Tome and Principe,,586,Pakistan,,,,,,,,,40,Rubber and articles thereof,,,,,,,,,8681,,,0
HS,2013,201310,October 2013,2,0,1,Imports,678,Sao Tome and Principe,,620,Portugal,,,,,,,,,40,Rubber and articles thereof,,,,,,,,,143202,,,0
HS,2013,201310,October 2013,2,0,1,Imports,678,Sao Tome and Principe,,826,United Kingdom,,,,,,,,,40,Rubber and articles thereof,,,,,,,,,15559,,,0
HS,2013,201310,October 2013,2,0,1,Imports,678,Sao Tome and Principe,,0,World,,,,,,,,,42,"Articles of leather; saddlery and harness; travel goods, handbags and similar containers; articles of animal gut (other than silk-worm gut)",,,,,,,,,21725,,,0
HS,2013,201310,October 2013,2,0,1,Imports,678,Sao Tome and Principe,,24,Angola,,,,,,,,,42,"Articles of leather; saddlery and harness; travel goods, handbags and similar containers; articles of animal gut (other than silk-worm gut)",,,,,,,,,467,,,0
HS,2013,201310,October 2013,2,0,1,Imports,678,Sao Tome and Principe,,120,Cameroon,,,,,,,,,42,"Articles of leather; saddlery and harness; travel goods, handbags and similar containers; articles of animal gut (other than silk-worm gut)",,,,,,,,,236,,,0
HS,2013,201310,October 2013,2,0,1,Imports,678,Sao Tome and Principe,,208,Denmark,,,,,,,,,42,"Articles of leather; saddlery and harness; travel goods, handbags and similar containers; articles of animal gut (other than silk-worm gut)",,,,,,,,,43,,,0
HS,2013,201310,October 2013,2,0,1,Imports,678,Sao Tome and Principe,,251,France,,,,,,,,,42,"Articles of leather; saddlery and harness; travel goods, handbags and similar containers; articles of animal gut (other than silk-worm gut)",,,,,,,,,70,,,0
HS,2013,201310,October 2013,2,0,1,Imports,678,Sao Tome and Principe,,266,Gabon,,,,,,,,,42,"Articles of leather; saddlery and harness; travel goods, handbags and similar containers; articles of animal gut (other than silk-worm gut)",,,,,,,,,683,,,0
HS,2013,201310,October 2013,2,0,1,Imports,678,Sao Tome and Principe,,620,Portugal,,,,,,,,,42,"Articles of leather; saddlery and harness; travel goods, handbags and similar containers; articles of animal gut (other than silk-worm gut)",,,,,,,,,19856,,,0
HS,2013,201310,October 2013,2,0,1,Imports,678,Sao Tome and Principe,,768,Togo,,,,,,,,,42,"Articles of leather; saddlery and harness; travel goods, handbags and similar containers; articles of animal gut (other than silk-worm gut)",,,,,,,,,370,,,0
HS,2013,201310,October 2013,2,0,1,Imports,678,Sao Tome and Principe,,0,World,,,,,,,,,44,Wood and articles of wood; wood charcoal,,,,,,,,,23934,,,0
HS,2013,201310,October 2013,2,0,1,Imports,678,Sao Tome and Principe,,251,France,,,,,,,,,44,Wood and articles of wood; wood charcoal,,,,,,,,,315,,,0
HS,2013,201310,October 2013,2,0,1,Imports,678,Sao Tome and Principe,,620,Portugal,,,,,,,,,44,Wood and articles of wood; wood charcoal,,,,,,,,,23482,,,0
HS,2013,201310,October 2013,2,0,1,Imports,678,Sao Tome and Principe,,784,United Arab Emirates,,,,,,,,,44,Wood and articles of wood; wood charcoal,,,,,,,,,137,,,0
HS,2013,201310,October 2013,2,0,1,Imports,678,Sao Tome and Principe,,0,World,,,,,,,,,46,"Manufactures of straw, esparto or other plaiting materials; basketware and wickerwork",,,,,,,,,12247,,,0
HS,2013,201310,October 2013,2,0,1,Imports,678,Sao Tome and Principe,,620,Portugal,,,,,,,,,46,"Manufactures of straw, esparto or other plaiting materials; basketware and wickerwork",,,,,,,,,11857,,,0
HS,2013,201310,October 2013,2,0,1,Imports,678,Sao Tome and Principe,,784,United Arab Emirates,,,,,,,,,46,"Manufactures of straw, esparto or other plaiting materials; basketware and wickerwork",,,,,,,,,390,,,0
HS,2013,201310,October 2013,2,0,1,Imports,678,Sao Tome and Principe,,0,World,,,,,,,,,48,"Paper and paperboard; articles of paper pulp, of paper or paperboard",,,,,,,,,192829,,,0
HS,2013,201310,October 2013,2,0,1,Imports,678,Sao Tome and Principe,,120,Cameroon,,,,,,,,,48,"Paper and paperboard; articles of paper pulp, of paper or paperboard",,,,,,,,,6376,,,0
HS,2013,201310,October 2013,2,0,1,Imports,678,Sao Tome and Principe,,156,China,,,,,,,,,48,"Paper and paperboard; articles of paper pulp, of paper or paperboard",,,,,,,,,505,,,0
HS,2013,201310,October 2013,2,0,1,Imports,678,Sao Tome and Principe,,251,France,,,,,,,,,48,"Paper and paperboard; articles of paper pulp, of paper or paperboard",,,,,,,,,3613,,,0
HS,2013,201310,October 2013,2,0,1,Imports,678,Sao Tome and Principe,,266,Gabon,,,,,,,,,48,"Paper and paperboard; articles of paper pulp, of paper or paperboard",,,,,,,,,76,,,0
HS,2013,201310,October 2013,2,0,1,Imports,678,Sao Tome and Principe,,470,Malta,,,,,,,,,48,"Paper and paperboard; articles of paper pulp, of paper or paperboard",,,,,,,,,105,,,0
HS,2013,201310,October 2013,2,0,1,Imports,678,Sao Tome and Principe,,620,Portugal,,,,,,,,,48,"Paper and paperboard; articles of paper pulp, of paper or paperboard",,,,,,,,,162906,,,0
HS,2013,201310,October 2013,2,0,1,Imports,678,Sao Tome and Principe,,724,Spain,,,,,,,,,48,"Paper and paperboard; articles of paper pulp, of paper or paperboard",,,,,,,,,13876,,,0
HS,2013,201310,October 2013,2,0,1,Imports,678,Sao Tome and Principe,,842,United States of America,,,,,,,,,48,"Paper and paperboard; articles of paper pulp, of paper or paperboard",,,,,,,,,5372,,,0
HS,2013,201310,October 2013,2,0,1,Imports,678,Sao Tome and Principe,,0,World,,,,,,,,,49,"Printed books, newspapers, pictures and other products of the printing industry; manuscripts, typescripts and plans",,,,,,,,,45548,,,0
HS,2013,201310,October 2013,2,0,1,Imports,678,Sao Tome and Principe,,24,Angola,,,,,,,,,49,"Printed books, newspapers, pictures and other products of the printing industry; manuscripts, typescripts and plans",,,,,,,,,280,,,0
HS,2013,201310,October 2013,2,0,1,Imports,678,Sao Tome and Principe,,251,France,,,,,,,,,49,"Printed books, newspapers, pictures and other products of the printing industry; manuscripts, typescripts and plans",,,,,,,,,315,,,0
HS,2013,201310,October 2013,2,0,1,Imports,678,Sao Tome and Principe,,490,"Other Asia, nes",,,,,,,,,49,"Printed books, newspapers, pictures and other products of the printing industry; manuscripts, typescripts and plans",,,,,,,,,12,,,0
HS,2013,201310,October 2013,2,0,1,Imports,678,Sao Tome and Principe,,620,Portugal,,,,,,,,,49,"Printed books, newspapers, pictures and other products of the printing industry; manuscripts, typescripts and plans",,,,,,,,,44941,,,0
HS,2013,201310,October 2013,2,0,1,Imports,678,Sao Tome and Principe,,0,World,,,,,,,,,52,Cotton,,,,,,,,,328,,,0
HS,2013,201310,October 2013,2,0,1,Imports,678,Sao Tome and Principe,,620,Portugal,,,,,,,,,52,Cotton,,,,,,,,,328,,,0
HS,2013,201310,October 2013,2,0,1,Imports,678,Sao Tome and Principe,,0,World,,,,,,,,,53,Vegetable textile fibres; paper yarn and woven fabrics of paper yarn,,,,,,,,,71,,,0
HS,2013,201310,October 2013,2,0,1,Imports,678,Sao Tome and Principe,,620,Portugal,,,,,,,,,53,Vegetable textile fibres; paper yarn and woven fabrics of paper yarn,,,,,,,,,71,,,0
HS,2013,201310,October 2013,2,0,1,Imports,678,Sao Tome and Principe,,0,World,,,,,,,,,54,Man-made filaments,,,,,,,,,405,,,0
HS,2013,201310,October 2013,2,0,1,Imports,678,Sao Tome and Principe,,251,France,,,,,,,,,54,Man-made filaments,,,,,,,,,316,,,0
HS,2013,201310,October 2013,2,0,1,Imports,678,Sao Tome and Principe,,620,Portugal,,,,,,,,,54,Man-made filaments,,,,,,,,,89,,,0
HS,2013,201310,October 2013,2,0,1,Imports,678,Sao Tome and Principe,,0,World,,,,,,,,,55,Man-made staple fibres,,,,,,,,,19589,,,0
HS,2013,201310,October 2013,2,0,1,Imports,678,Sao Tome and Principe,,251,France,,,,,,,,,55,Man-made staple fibres,,,,,,,,,998,,,0
HS,2013,201310,October 2013,2,0,1,Imports,678,Sao Tome and Principe,,620,Portugal,,,,,,,,,55,Man-made staple fibres,,,,,,,,,18591,,,0
HS,2013,201310,October 2013,2,0,1,Imports,678,Sao Tome and Principe,,0,World,,,,,,,,,56,"Wadding, felt and nonwovens, special yarns; twine, cordage, ropes and cables and articles thereof",,,,,,,,,4228,,,0
HS,2013,201310,October 2013,2,0,1,Imports,678,Sao Tome and Principe,,251,France,,,,,,,,,56,"Wadding, felt and nonwovens, special yarns; twine, cordage, ropes and cables and articles thereof",,,,,,,,,212,,,0
HS,2013,201310,October 2013,2,0,1,Imports,678,Sao Tome and Principe,,620,Portugal,,,,,,,,,56,"Wadding, felt and nonwovens, special yarns; twine, cordage, ropes and cables and articles thereof",,,,,,,,,4016,,,0
HS,2013,201310,October 2013,2,0,1,Imports,678,Sao Tome and Principe,,0,World,,,,,,,,,57,Carpets and other textile floor coverings,,,,,,,,,7740,,,0
HS,2013,201310,October 2013,2,0,1,Imports,678,Sao Tome and Principe,,392,Japan,,,,,,,,,57,Carpets and other textile floor coverings,,,,,,,,,1856,,,0
HS,2013,201310,October 2013,2,0,1,Imports,678,Sao Tome and Principe,,620,Portugal,,,,,,,,,57,Carpets and other textile floor coverings,,,,,,,,,3192,,,0
HS,2013,201310,October 2013,2,0,1,Imports,678,Sao Tome and Principe,,784,United Arab Emirates,,,,,,,,,57,Carpets and other textile floor coverings,,,,,,,,,2691,,,0
HS,2013,201310,October 2013,2,0,1,Imports,678,Sao Tome and Principe,,0,World,,,,,,,,,58,"Fabrics; special woven fabrics, tufted textile fabrics, lace, tapestries, trimmings, embroidery",,,,,,,,,8230,,,0
HS,2013,201310,October 2013,2,0,1,Imports,678,Sao Tome and Principe,,251,France,,,,,,,,,58,"Fabrics; special woven fabrics, tufted textile fabrics, lace, tapestries, trimmings, embroidery",,,,,,,,,5798,,,0
HS,2013,201310,October 2013,2,0,1,Imports,678,Sao Tome and Principe,,490,"Other Asia, nes",,,,,,,,,58,"Fabrics; special woven fabrics, tufted textile fabrics, lace, tapestries, trimmings, embroidery",,,,,,,,,738,,,0
HS,2013,201310,October 2013,2,0,1,Imports,678,Sao Tome and Principe,,620,Portugal,,,,,,,,,58,"Fabrics; special woven fabrics, tufted textile fabrics, lace, tapestries, trimmings, embroidery",,,,,,,,,1694,,,0
HS,2013,201310,October 2013,2,0,1,Imports,678,Sao Tome and Principe,,0,World,,,,,,,,,59,"Textile fabrics; impregnated, coated, covered or laminated; textile articles of a kind suitable for industrial use",,,,,,,,,228,,,0
HS,2013,201310,October 2013,2,0,1,Imports,678,Sao Tome and Principe,,620,Portugal,,,,,,,,,59,"Textile fabrics; impregnated, coated, covered or laminated; textile articles of a kind suitable for industrial use",,,,,,,,,228,,,0
HS,2013,201310,October 2013,2,0,1,Imports,678,Sao Tome and Principe,,0,World,,,,,,,,,61,Apparel and clothing accessories; knitted or crocheted,,,,,,,,,35211,,,0
HS,2013,201310,October 2013,2,0,1,Imports,678,Sao Tome and Principe,,120,Cameroon,,,,,,,,,61,Apparel and clothing accessories; knitted or crocheted,,,,,,,,,306,,,0
HS,2013,201310,October 2013,2,0,1,Imports,678,Sao Tome and Principe,,132,Cabo Verde,,,,,,,,,61,Apparel and clothing accessories; knitted or crocheted,,,,,,,,,107,,,0
HS,2013,201310,October 2013,2,0,1,Imports,678,Sao Tome and Principe,,266,Gabon,,,,,,,,,61,Apparel and clothing accessories; knitted or crocheted,,,,,,,,,143,,,0
HS,2013,201310,October 2013,2,0,1,Imports,678,Sao Tome and Principe,,490,"Other Asia, nes",,,,,,,,,61,Apparel and clothing accessories; knitted or crocheted,,,,,,,,,1016,,,0
HS,2013,201310,October 2013,2,0,1,Imports,678,Sao Tome and Principe,,620,Portugal,,,,,,,,,61,Apparel and clothing accessories; knitted or crocheted,,,,,,,,,33153,,,0
HS,2013,201310,October 2013,2,0,1,Imports,678,Sao Tome and Principe,,768,Togo,,,,,,,,,61,Apparel and clothing accessories; knitted or crocheted,,,,,,,,,486,,,0
HS,2013,201310,October 2013,2,0,1,Imports,678,Sao Tome and Principe,,0,World,,,,,,,,,62,Apparel and clothing accessories; not knitted or crocheted,,,,,,,,,91184,,,0
HS,2013,201310,October 2013,2,0,1,Imports,678,Sao Tome and Principe,,24,Angola,,,,,,,,,62,Apparel and clothing accessories; not knitted or crocheted,,,,,,,,,221,,,0
HS,2013,201310,October 2013,2,0,1,Imports,678,Sao Tome and Principe,,120,Cameroon,,,,,,,,,62,Apparel and clothing accessories; not knitted or crocheted,,,,,,,,,1705,,,0
HS,2013,201310,October 2013,2,0,1,Imports,678,Sao Tome and Principe,,132,Cabo Verde,,,,,,,,,62,Apparel and clothing accessories; not knitted or crocheted,,,,,,,,,1579,,,0
HS,2013,201310,October 2013,2,0,1,Imports,678,Sao Tome and Principe,,266,Gabon,,,,,,,,,62,Apparel and clothing accessories; not knitted or crocheted,,,,,,,,,1823,,,0
HS,2013,201310,October 2013,2,0,1,Imports,678,Sao Tome and Principe,,490,"Other Asia, nes",,,,,,,,,62,Apparel and clothing accessories; not knitted or crocheted,,,,,,,,,39,,,0
HS,2013,201310,October 2013,2,0,1,Imports,678,Sao Tome and Principe,,620,Portugal,,,,,,,,,62,Apparel and clothing accessories; not knitted or crocheted,,,,,,,,,83491,,,0
HS,2013,201310,October 2013,2,0,1,Imports,678,Sao Tome and Principe,,768,Togo,,,,,,,,,62,Apparel and clothing accessories; not knitted or crocheted,,,,,,,,,2325,,,0
HS,2013,201310,October 2013,2,0,1,Imports,678,Sao Tome and Principe,,0,World,,,,,,,,,63,"Textiles, made up articles; sets; worn clothing and worn textile articles; rags",,,,,,,,,137350,,,0
HS,2013,201310,October 2013,2,0,1,Imports,678,Sao Tome and Principe,,24,Angola,,,,,,,,,63,"Textiles, made up articles; sets; worn clothing and worn textile articles; rags",,,,,,,,,756,,,0
HS,2013,201310,October 2013,2,0,1,Imports,678,Sao Tome and Principe,,56,Belgium,,,,,,,,,63,"Textiles, made up articles; sets; worn clothing and worn textile articles; rags",,,,,,,,,14447,,,0
HS,2013,201310,October 2013,2,0,1,Imports,678,Sao Tome and Principe,,132,Cabo Verde,,,,,,,,,63,"Textiles, made up articles; sets; worn clothing and worn textile articles; rags",,,,,,,,,311,,,0
HS,2013,201310,October 2013,2,0,1,Imports,678,Sao Tome and Principe,,251,France,,,,,,,,,63,"Textiles, made up articles; sets; worn clothing and worn textile articles; rags",,,,,,,,,18486,,,0
HS,2013,201310,October 2013,2,0,1,Imports,678,Sao Tome and Principe,,490,"Other Asia, nes",,,,,,,,,63,"Textiles, made up articles; sets; worn clothing and worn textile articles; rags",,,,,,,,,52,,,0
HS,2013,201310,October 2013,2,0,1,Imports,678,Sao Tome and Principe,,528,Netherlands,,,,,,,,,63,"Textiles, made up articles; sets; worn clothing and worn textile articles; rags",,,,,,,,,151,,,0
HS,2013,201310,October 2013,2,0,1,Imports,678,Sao Tome and Principe,,620,Portugal,,,,,,,,,63,"Textiles, made up articles; sets; worn clothing and worn textile articles; rags",,,,,,,,,102945,,,0
HS,2013,201310,October 2013,2,0,1,Imports,678,Sao Tome and Principe,,826,United Kingdom,,,,,,,,,63,"Textiles, made up articles; sets; worn clothing and worn textile articles; rags",,,,,,,,,201,,,0
HS,2013,201310,October 2013,2,0,1,Imports,678,Sao Tome and Principe,,0,World,,,,,,,,,64,Footwear; gaiters and the like; parts of such articles,,,,,,,,,115564,,,0
HS,2013,201310,October 2013,2,0,1,Imports,678,Sao Tome and Principe,,24,Angola,,,,,,,,,64,Footwear; gaiters and the like; parts of such articles,,,,,,,,,594,,,0
HS,2013,201310,October 2013,2,0,1,Imports,678,Sao Tome and Principe,,120,Cameroon,,,,,,,,,64,Footwear; gaiters and the like; parts of such articles,,,,,,,,,1474,,,0
HS,2013,201310,October 2013,2,0,1,Imports,678,Sao Tome and Principe,,266,Gabon,,,,,,,,,64,Footwear; gaiters and the like; parts of such articles,,,,,,,,,7211,,,0
HS,2013,201310,October 2013,2,0,1,Imports,678,Sao Tome and Principe,,586,Pakistan,,,,,,,,,64,Footwear; gaiters and the like; parts of such articles,,,,,,,,,1117,,,0
HS,2013,201310,October 2013,2,0,1,Imports,678,Sao Tome and Principe,,620,Portugal,,,,,,,,,64,Footwear; gaiters and the like; parts of such articles,,,,,,,,,103625,,,0
HS,2013,201310,October 2013,2,0,1,Imports,678,Sao Tome and Principe,,768,Togo,,,,,,,,,64,Footwear; gaiters and the like; parts of such articles,,,,,,,,,1543,,,0
HS,2013,201310,October 2013,2,0,1,Imports,678,Sao Tome and Principe,,0,World,,,,,,,,,65,Headgear and parts thereof,,,,,,,,,16873,,,0
HS,2013,201310,October 2013,2,0,1,Imports,678,Sao Tome and Principe,,156,China,,,,,,,,,65,Headgear and parts thereof,,,,,,,,,612,,,0
HS,2013,201310,October 2013,2,0,1,Imports,678,Sao Tome and Principe,,392,Japan,,,,,,,,,65,Headgear and parts thereof,,,,,,,,,654,,,0
HS,2013,201310,October 2013,2,0,1,Imports,678,Sao Tome and Principe,,620,Portugal,,,,,,,,,65,Headgear and parts thereof,,,,,,,,,15537,,,0
HS,2013,201310,October 2013,2,0,1,Imports,678,Sao Tome and Principe,,768,Togo,,,,,,,,,65,Headgear and parts thereof,,,,,,,,,70,,,0
HS,2013,201310,October 2013,2,0,1,Imports,678,Sao Tome and Principe,,0,World,,,,,,,,,66,"Umbrellas, sun umbrellas, walking-sticks, seat sticks, whips, riding crops; and parts thereof",,,,,,,,,516,,,0
HS,2013,201310,October 2013,2,0,1,Imports,678,Sao Tome and Principe,,266,Gabon,,,,,,,,,66,"Umbrellas, sun umbrellas, walking-sticks, seat sticks, whips, riding crops; and parts thereof",,,,,,,,,51,,,0
HS,2013,201310,October 2013,2,0,1,Imports,678,Sao Tome and Principe,,620,Portugal,,,,,,,,,66,"Umbrellas, sun umbrellas, walking-sticks, seat sticks, whips, riding crops; and parts thereof",,,,,,,,,466,,,0
HS,2013,201310,October 2013,2,0,1,Imports,678,Sao Tome and Principe,,0,World,,,,,,,,,67,"Feathers and down, prepared; and articles made of feather or of down; artificial flowers; articles of human hair",,,,,,,,,3823,,,0
HS,2013,201310,October 2013,2,0,1,Imports,678,Sao Tome and Principe,,24,Angola,,,,,,,,,67,"Feathers and down, prepared; and articles made of feather or of down; artificial flowers; articles of human hair",,,,,,,,,242,,,0
HS,2013,201310,October 2013,2,0,1,Imports,678,Sao Tome and Principe,,266,Gabon,,,,,,,,,67,"Feathers and down, prepared; and articles made of feather or of down; artificial flowers; articles of human hair",,,,,,,,,237,,,0
HS,2013,201310,October 2013,2,0,1,Imports,678,Sao Tome and Principe,,620,Portugal,,,,,,,,,67,"Feathers and down, prepared; and articles made of feather or of down; artificial flowers; articles of human hair",,,,,,,,,2911,,,0
HS,2013,201310,October 2013,2,0,1,Imports,678,Sao Tome and Principe,,768,Togo,,,,,,,,,67,"Feathers and down, prepared; and articles made of feather or of down; artificial flowers; articles of human hair",,,,,,,,,432,,,0
HS,2013,201310,October 2013,2,0,1,Imports,678,Sao Tome and Principe,,0,World,,,,,,,,,68,"Stone, plaster, cement, asbestos, mica or similar materials; articles thereof",,,,,,,,,45943,,,0
HS,2013,201310,October 2013,2,0,1,Imports,678,Sao Tome and Principe,,251,France,,,,,,,,,68,"Stone, plaster, cement, asbestos, mica or similar materials; articles thereof",,,,,,,,,51,,,0
HS,2013,201310,October 2013,2,0,1,Imports,678,Sao Tome and Principe,,620,Portugal,,,,,,,,,68,"Stone, plaster, cement, asbestos, mica or similar materials; articles thereof",,,,,,,,,45891,,,0
HS,2013,201310,October 2013,2,0,1,Imports,678,Sao Tome and Principe,,0,World,,,,,,,,,69,Ceramic products,,,,,,,,,193022,,,0
HS,2013,201310,October 2013,2,0,1,Imports,678,Sao Tome and Principe,,156,China,,,,,,,,,69,Ceramic products,,,,,,,,,50312,,,0
HS,2013,201310,October 2013,2,0,1,Imports,678,Sao Tome and Principe,,528,Netherlands,,,,,,,,,69,Ceramic products,,,,,,,,,380,,,0
HS,2013,201310,October 2013,2,0,1,Imports,678,Sao Tome and Principe,,620,Portugal,,,,,,,,,69,Ceramic products,,,,,,,,,94970,,,0
HS,2013,201310,October 2013,2,0,1,Imports,678,Sao Tome and Principe,,724,Spain,,,,,,,,,69,Ceramic products,,,,,,,,,47359,,,0
HS,2013,201310,October 2013,2,0,1,Imports,678,Sao Tome and Principe,,0,World,,,,,,,,,70,Glass and glassware,,,,,,,,,67796,,,0
HS,2013,201310,October 2013,2,0,1,Imports,678,Sao Tome and Principe,,24,Angola,,,,,,,,,70,Glass and glassware,,,,,,,,,131,,,0
HS,2013,201310,October 2013,2,0,1,Imports,678,Sao Tome and Principe,,56,Belgium,,,,,,,,,70,Glass and glassware,,,,,,,,,135,,,0
HS,2013,201310,October 2013,2,0,1,Imports,678,Sao Tome and Principe,,266,Gabon,,,,,,,,,70,Glass and glassware,,,,,,,,,237,,,0
HS,2013,201310,October 2013,2,0,1,Imports,678,Sao Tome and Principe,,528,Netherlands,,,,,,,,,70,Glass and glassware,,,,,,,,,27,,,0
HS,2013,201310,October 2013,2,0,1,Imports,678,Sao Tome and Principe,,566,Nigeria,,,,,,,,,70,Glass and glassware,,,,,,,,,624,,,0
HS,2013,201310,October 2013,2,0,1,Imports,678,Sao Tome and Principe,,620,Portugal,,,,,,,,,70,Glass and glassware,,,,,,,,,64685,,,0
HS,2013,201310,October 2013,2,0,1,Imports,678,Sao Tome and Principe,,784,United Arab Emirates,,,,,,,,,70,Glass and glassware,,,,,,,,,1958,,,0
HS,2013,201310,October 2013,2,0,1,Imports,678,Sao Tome and Principe,,0,World,,,,,,,,,71,"Natural, cultured pearls; precious, semi-precious stones; precious metals, metals clad with precious metal, and articles thereof; imitation jewellery; coin",,,,,,,,,275,,,0
HS,2013,201310,October 2013,2,0,1,Imports,678,Sao Tome and Principe,,620,Portugal,,,,,,,,,71,"Natural, cultured pearls; precious, semi-precious stones; precious metals, metals clad with precious metal, and articles thereof; imitation jewellery; coin",,,,,,,,,275,,,0
HS,2013,201310,October 2013,2,0,1,Imports,678,Sao Tome and Principe,,0,World,,,,,,,,,72,Iron and steel,,,,,,,,,354911,,,0
HS,2013,201310,October 2013,2,0,1,Imports,678,Sao Tome and Principe,,620,Portugal,,,,,,,,,72,Iron and steel,,,,,,,,,354911,,,0
HS,2013,201310,October 2013,2,0,1,Imports,678,Sao Tome and Principe,,0,World,,,,,,,,,73,Iron or steel articles,,,,,,,,,345749,,,0
HS,2013,201310,October 2013,2,0,1,Imports,678,Sao Tome and Principe,,24,Angola,,,,,,,,,73,Iron or steel articles,,,,,,,,,76,,,0
HS,2013,201310,October 2013,2,0,1,Imports,678,Sao Tome and Principe,,156,China,,,,,,,,,73,Iron or steel articles,,,,,,,,,840,,,0
HS,2013,201310,October 2013,2,0,1,Imports,678,Sao Tome and Principe,,251,France,,,,,,,,,73,Iron or steel articles,,,,,,,,,24,,,0
HS,2013,201310,October 2013,2,0,1,Imports,678,Sao Tome and Principe,,266,Gabon,,,,,,,,,73,Iron or steel articles,,,,,,,,,90,,,0
HS,2013,201310,October 2013,2,0,1,Imports,678,Sao Tome and Principe,,490,"Other Asia, nes",,,,,,,,,73,Iron or steel articles,,,,,,,,,39,,,0
HS,2013,201310,October 2013,2,0,1,Imports,678,Sao Tome and Principe,,620,Portugal,,,,,,,,,73,Iron or steel articles,,,,,,,,,344680,,,0
HS,2013,201310,October 2013,2,0,1,Imports,678,Sao Tome and Principe,,0,World,,,,,,,,,74,Copper and articles thereof,,,,,,,,,9569,,,0
HS,2013,201310,October 2013,2,0,1,Imports,678,Sao Tome and Principe,,620,Portugal,,,,,,,,,74,Copper and articles thereof,,,,,,,,,9569,,,0
HS,2013,201310,October 2013,2,0,1,Imports,678,Sao Tome and Principe,,0,World,,,,,,,,,76,Aluminium and articles thereof,,,,,,,,,34770,,,0
HS,2013,201310,October 2013,2,0,1,Imports,678,Sao Tome and Principe,,24,Angola,,,,,,,,,76,Aluminium and articles thereof,,,,,,,,,1060,,,0
HS,2013,201310,October 2013,2,0,1,Imports,678,Sao Tome and Principe,,251,France,,,,,,,,,76,Aluminium and articles thereof,,,,,,,,,316,,,0
HS,2013,201310,October 2013,2,0,1,Imports,678,Sao Tome and Principe,,490,"Other Asia, nes",,,,,,,,,76,Aluminium and articles thereof,,,,,,,,,65,,,0
HS,2013,201310,October 2013,2,0,1,Imports,678,Sao Tome and Principe,,620,Portugal,,,,,,,,,76,Aluminium and articles thereof,,,,,,,,,33329,,,0
HS,2013,201310,October 2013,2,0,1,Imports,678,Sao Tome and Principe,,0,World,,,,,,,,,79,Zinc and articles thereof,,,,,,,,,772,,,0
HS,2013,201310,October 2013,2,0,1,Imports,678,Sao Tome and Principe,,620,Portugal,,,,,,,,,79,Zinc and articles thereof,,,,,,,,,772,,,0
HS,2013,201310,October 2013,2,0,1,Imports,678,Sao Tome and Principe,,0,World,,,,,,,,,81,"Metals; n.e.s., cermets and articles thereof",,,,,,,,,398,,,0
HS,2013,201310,October 2013,2,0,1,Imports,678,Sao Tome and Principe,,620,Portugal,,,,,,,,,81,"Metals; n.e.s., cermets and articles thereof",,,,,,,,,398,,,0
HS,2013,201310,October 2013,2,0,1,Imports,678,Sao Tome and Principe,,0,World,,,,,,,,,82,"Tools, implements, cutlery, spoons and forks, of base metal; parts thereof, of base metal",,,,,,,,,69524,,,0
HS,2013,201310,October 2013,2,0,1,Imports,678,Sao Tome and Principe,,24,Angola,,,,,,,,,82,"Tools, implements, cutlery, spoons and forks, of base metal; parts thereof, of base metal",,,,,,,,,38,,,0
HS,2013,201310,October 2013,2,0,1,Imports,678,Sao Tome and Principe,,251,France,,,,,,,,,82,"Tools, implements, cutlery, spoons and forks, of base metal; parts thereof, of base metal",,,,,,,,,515,,,0
HS,2013,201310,October 2013,2,0,1,Imports,678,Sao Tome and Principe,,620,Portugal,,,,,,,,,82,"Tools, implements, cutlery, spoons and forks, of base metal; parts thereof, of base metal",,,,,,,,,66840,,,0
HS,2013,201310,October 2013,2,0,1,Imports,678,Sao Tome and Principe,,626,Timor-Leste,,,,,,,,,82,"Tools, implements, cutlery, spoons and forks, of base metal; parts thereof, of base metal",,,,,,,,,55,,,0
HS,2013,201310,October 2013,2,0,1,Imports,678,Sao Tome and Principe,,784,United Arab Emirates,,,,,,,,,82,"Tools, implements, cutlery, spoons and forks, of base metal; parts thereof, of base metal",,,,,,,,,507,,,0
HS,2013,201310,October 2013,2,0,1,Imports,678,Sao Tome and Principe,,842,United States of America,,,,,,,,,82,"Tools, implements, cutlery, spoons and forks, of base metal; parts thereof, of base metal",,,,,,,,,1570,,,0
HS,2013,201310,October 2013,2,0,1,Imports,678,Sao Tome and Principe,,0,World,,,,,,,,,83,Metal; miscellaneous products of base metal,,,,,,,,,20864,,,0
HS,2013,201310,October 2013,2,0,1,Imports,678,Sao Tome and Principe,,620,Portugal,,,,,,,,,83,Metal; miscellaneous products of base metal,,,,,,,,,20242,,,0
HS,2013,201310,October 2013,2,0,1,Imports,678,Sao Tome and Principe,,784,United Arab Emirates,,,,,,,,,83,Metal; miscellaneous products of base metal,,,,,,,,,83,,,0
HS,2013,201310,October 2013,2,0,1,Imports,678,Sao Tome and Principe,,842,United States of America,,,,,,,,,83,Metal; miscellaneous products of base metal,,,,,,,,,540,,,0
HS,2013,201310,October 2013,2,0,1,Imports,678,Sao Tome and Principe,,0,World,,,,,,,,,84,"Nuclear reactors, boilers, machinery and mechanical appliances; parts thereof",,,,,,,,,568227,,,0
HS,2013,201310,October 2013,2,0,1,Imports,678,Sao Tome and Principe,,24,Angola,,,,,,,,,84,"Nuclear reactors, boilers, machinery and mechanical appliances; parts thereof",,,,,,,,,334,,,0
HS,2013,201310,October 2013,2,0,1,Imports,678,Sao Tome and Principe,,56,Belgium,,,,,,,,,84,"Nuclear reactors, boilers, machinery and mechanical appliances; parts thereof",,,,,,,,,90,,,0
HS,2013,201310,October 2013,2,0,1,Imports,678,Sao Tome and Principe,,156,China,,,,,,,,,84,"Nuclear reactors, boilers, machinery and mechanical appliances; parts thereof",,,,,,,,,93,,,0
HS,2013,201310,October 2013,2,0,1,Imports,678,Sao Tome and Principe,,208,Denmark,,,,,,,,,84,"Nuclear reactors, boilers, machinery and mechanical appliances; parts thereof",,,,,,,,,6140,,,0
HS,2013,201310,October 2013,2,0,1,Imports,678,Sao Tome and Principe,,251,France,,,,,,,,,84,"Nuclear reactors, boilers, machinery and mechanical appliances; parts thereof",,,,,,,,,1579,,,0
HS,2013,201310,October 2013,2,0,1,Imports,678,Sao Tome and Principe,,266,Gabon,,,,,,,,,84,"Nuclear reactors, boilers, machinery and mechanical appliances; parts thereof",,,,,,,,,2834,,,0
HS,2013,201310,October 2013,2,0,1,Imports,678,Sao Tome and Principe,,490,"Other Asia, nes",,,,,,,,,84,"Nuclear reactors, boilers, machinery and mechanical appliances; parts thereof",,,,,,,,,86,,,0
HS,2013,201310,October 2013,2,0,1,Imports,678,Sao Tome and Principe,,566,Nigeria,,,,,,,,,84,"Nuclear reactors, boilers, machinery and mechanical appliances; parts thereof",,,,,,,,,1261,,,0
HS,2013,201310,October 2013,2,0,1,Imports,678,Sao Tome and Principe,,620,Portugal,,,,,,,,,84,"Nuclear reactors, boilers, machinery and mechanical appliances; parts thereof",,,,,,,,,455837,,,0
HS,2013,201310,October 2013,2,0,1,Imports,678,Sao Tome and Principe,,784,United Arab Emirates,,,,,,,,,84,"Nuclear reactors, boilers, machinery and mechanical appliances; parts thereof",,,,,,,,,13886,,,0
HS,2013,201310,October 2013,2,0,1,Imports,678,Sao Tome and Principe,,842,United States of America,,,,,,,,,84,"Nuclear reactors, boilers, machinery and mechanical appliances; parts thereof",,,,,,,,,86088,,,0
HS,2013,201310,October 2013,2,0,1,Imports,678,Sao Tome and Principe,,0,World,,,,,,,,,85,"Electrical machinery and equipment and parts thereof; sound recorders and reproducers; television image and sound recorders and reproducers, parts and accessories of such articles",,,,,,,,,563560,,,0
HS,2013,201310,October 2013,2,0,1,Imports,678,Sao Tome and Principe,,4,Afghanistan,,,,,,,,,85,"Electrical machinery and equipment and parts thereof; sound recorders and reproducers; television image and sound recorders and reproducers, parts and accessories of such articles",,,,,,,,,90,,,0
HS,2013,201310,October 2013,2,0,1,Imports,678,Sao Tome and Principe,,24,Angola,,,,,,,,,85,"Electrical machinery and equipment and parts thereof; sound recorders and reproducers; television image and sound recorders and reproducers, parts and accessories of such articles",,,,,,,,,2807,,,0
HS,2013,201310,October 2013,2,0,1,Imports,678,Sao Tome and Principe,,156,China,,,,,,,,,85,"Electrical machinery and equipment and parts thereof; sound recorders and reproducers; television image and sound recorders and reproducers, parts and accessories of such articles",,,,,,,,,68534,,,0
HS,2013,201310,October 2013,2,0,1,Imports,678,Sao Tome and Principe,,208,Denmark,,,,,,,,,85,"Electrical machinery and equipment and parts thereof; sound recorders and reproducers; television image and sound recorders and reproducers, parts and accessories of such articles",,,,,,,,,4950,,,0
HS,2013,201310,October 2013,2,0,1,Imports,678,Sao Tome and Principe,,251,France,,,,,,,,,85,"Electrical machinery and equipment and parts thereof; sound recorders and reproducers; television image and sound recorders and reproducers, parts and accessories of such articles",,,,,,,,,2155,,,0
HS,2013,201310,October 2013,2,0,1,Imports,678,Sao Tome and Principe,,266,Gabon,,,,,,,,,85,"Electrical machinery and equipment and parts thereof; sound recorders and reproducers; television image and sound recorders and reproducers, parts and accessories of such articles",,,,,,,,,1837,,,0
HS,2013,201310,October 2013,2,0,1,Imports,678,Sao Tome and Principe,,392,Japan,,,,,,,,,85,"Electrical machinery and equipment and parts thereof; sound recorders and reproducers; television image and sound recorders and reproducers, parts and accessories of such articles",,,,,,,,,27973,,,0
HS,2013,201310,October 2013,2,0,1,Imports,678,Sao Tome and Principe,,490,"Other Asia, nes",,,,,,,,,85,"Electrical machinery and equipment and parts thereof; sound recorders and reproducers; television image and sound recorders and reproducers, parts and accessories of such articles",,,,,,,,,3639,,,0
HS,2013,201310,October 2013,2,0,1,Imports,678,Sao Tome and Principe,,566,Nigeria,,,,,,,,,85,"Electrical machinery and equipment and parts thereof; sound recorders and reproducers; television image and sound recorders and reproducers, parts and accessories of such articles",,,,,,,,,1013,,,0
HS,2013,201310,October 2013,2,0,1,Imports,678,Sao Tome and Principe,,620,Portugal,,,,,,,,,85,"Electrical machinery and equipment and parts thereof; sound recorders and reproducers; television image and sound recorders and reproducers, parts and accessories of such articles",,,,,,,,,336406,,,0
HS,2013,201310,October 2013,2,0,1,Imports,678,Sao Tome and Principe,,784,United Arab Emirates,,,,,,,,,85,"Electrical machinery and equipment and parts thereof; sound recorders and reproducers; television image and sound recorders and reproducers, parts and accessories of such articles",,,,,,,,,3215,,,0
HS,2013,201310,October 2013,2,0,1,Imports,678,Sao Tome and Principe,,842,United States of America,,,,,,,,,85,"Electrical machinery and equipment and parts thereof; sound recorders and reproducers; television image and sound recorders and reproducers, parts and accessories of such articles",,,,,,,,,110941,,,0
HS,2013,201310,October 2013,2,0,1,Imports,678,Sao Tome and Principe,,0,World,,,,,,,,,87,"Vehicles; other than railway or tramway rolling stock, and parts and accessories thereof",,,,,,,,,1076638,,,0
HS,2013,201310,October 2013,2,0,1,Imports,678,Sao Tome and Principe,,4,Afghanistan,,,,,,,,,87,"Vehicles; other than railway or tramway rolling stock, and parts and accessories thereof",,,,,,,,,113,,,0
HS,2013,201310,October 2013,2,0,1,Imports,678,Sao Tome and Principe,,24,Angola,,,,,,,,,87,"Vehicles; other than railway or tramway rolling stock, and parts and accessories thereof",,,,,,,,,1726,,,0
HS,2013,201310,October 2013,2,0,1,Imports,678,Sao Tome and Principe,,156,China,,,,,,,,,87,"Vehicles; other than railway or tramway rolling stock, and parts and accessories thereof",,,,,,,,,209814,,,0
HS,2013,201310,October 2013,2,0,1,Imports,678,Sao Tome and Principe,,251,France,,,,,,,,,87,"Vehicles; other than railway or tramway rolling stock, and parts and accessories thereof",,,,,,,,,19825,,,0
HS,2013,201310,October 2013,2,0,1,Imports,678,Sao Tome and Principe,,266,Gabon,,,,,,,,,87,"Vehicles; other than railway or tramway rolling stock, and parts and accessories thereof",,,,,,,,,230909,,,0
HS,2013,201310,October 2013,2,0,1,Imports,678,Sao Tome and Principe,,276,Germany,,,,,,,,,87,"Vehicles; other than railway or tramway rolling stock, and parts and accessories thereof",,,,,,,,,5762,,,0
HS,2013,201310,October 2013,2,0,1,Imports,678,Sao Tome and Principe,,392,Japan,,,,,,,,,87,"Vehicles; other than railway or tramway rolling stock, and parts and accessories thereof",,,,,,,,,82979,,,0
HS,2013,201310,October 2013,2,0,1,Imports,678,Sao Tome and Principe,,566,Nigeria,,,,,,,,,87,"Vehicles; other than railway or tramway rolling stock, and parts and accessories thereof",,,,,,,,,3104,,,0
HS,2013,201310,October 2013,2,0,1,Imports,678,Sao Tome and Principe,,620,Portugal,,,,,,,,,87,"Vehicles; other than railway or tramway rolling stock, and parts and accessories thereof",,,,,,,,,512183,,,0
HS,2013,201310,October 2013,2,0,1,Imports,678,Sao Tome and Principe,,757,Switzerland,,,,,,,,,87,"Vehicles; other than railway or tramway rolling stock, and parts and accessories thereof",,,,,,,,,6945,,,0
HS,2013,201310,October 2013,2,0,1,Imports,678,Sao Tome and Principe,,842,United States of America,,,,,,,,,87,"Vehicles; other than railway or tramway rolling stock, and parts and accessories thereof",,,,,,,,,3277,,,0
HS,2013,201310,October 2013,2,0,1,Imports,678,Sao Tome and Principe,,0,World,,,,,,,,,90,"Optical, photographic, cinematographic, measuring, checking, medical or surgical instruments and apparatus; parts and accessories",,,,,,,,,80705,,,0
HS,2013,201310,October 2013,2,0,1,Imports,678,Sao Tome and Principe,,251,France,,,,,,,,,90,"Optical, photographic, cinematographic, measuring, checking, medical or surgical instruments and apparatus; parts and accessories",,,,,,,,,2454,,,0
HS,2013,201310,October 2013,2,0,1,Imports,678,Sao Tome and Principe,,528,Netherlands,,,,,,,,,90,"Optical, photographic, cinematographic, measuring, checking, medical or surgical instruments and apparatus; parts and accessories",,,,,,,,,7585,,,0
HS,2013,201310,October 2013,2,0,1,Imports,678,Sao Tome and Principe,,620,Portugal,,,,,,,,,90,"Optical, photographic, cinematographic, measuring, checking, medical or surgical instruments and apparatus; parts and accessories",,,,,,,,,67957,,,0
HS,2013,201310,October 2013,2,0,1,Imports,678,Sao Tome and Principe,,826,United Kingdom,,,,,,,,,90,"Optical, photographic, cinematographic, measuring, checking, medical or surgical instruments and apparatus; parts and accessories",,,,,,,,,583,,,0
HS,2013,201310,October 2013,2,0,1,Imports,678,Sao Tome and Principe,,842,United States of America,,,,,,,,,90,"Optical, photographic, cinematographic, measuring, checking, medical or surgical instruments and apparatus; parts and accessories",,,,,,,,,2125,,,0
HS,2013,201310,October 2013,2,0,1,Imports,678,Sao Tome and Principe,,0,World,,,,,,,,,91,Clocks and watches and parts thereof,,,,,,,,,4163,,,0
HS,2013,201310,October 2013,2,0,1,Imports,678,Sao Tome and Principe,,620,Portugal,,,,,,,,,91,Clocks and watches and parts thereof,,,,,,,,,4163,,,0
HS,2013,201310,October 2013,2,0,1,Imports,678,Sao Tome and Principe,,0,World,,,,,,,,,94,"Furniture; bedding, mattresses, mattress supports, cushions and similar stuffed furnishings; lamps and lighting fittings, n.e.s.; illuminated signs, illuminated name-plates and the like; prefabricated buildings",,,,,,,,,228281,,,0
HS,2013,201310,October 2013,2,0,1,Imports,678,Sao Tome and Principe,,156,China,,,,,,,,,94,"Furniture; bedding, mattresses, mattress supports, cushions and similar stuffed furnishings; lamps and lighting fittings, n.e.s.; illuminated signs, illuminated name-plates and the like; prefabricated buildings",,,,,,,,,10717,,,0
HS,2013,201310,October 2013,2,0,1,Imports,678,Sao Tome and Principe,,251,France,,,,,,,,,94,"Furniture; bedding, mattresses, mattress supports, cushions and similar stuffed furnishings; lamps and lighting fittings, n.e.s.; illuminated signs, illuminated name-plates and the like; prefabricated buildings",,,,,,,,,14919,,,0
HS,2013,201310,October 2013,2,0,1,Imports,678,Sao Tome and Principe,,528,Netherlands,,,,,,,,,94,"Furniture; bedding, mattresses, mattress supports, cushions and similar stuffed furnishings; lamps and lighting fittings, n.e.s.; illuminated signs, illuminated name-plates and the like; prefabricated buildings",,,,,,,,,50,,,0
HS,2013,201310,October 2013,2,0,1,Imports,678,Sao Tome and Principe,,620,Portugal,,,,,,,,,94,"Furniture; bedding, mattresses, mattress supports, cushions and similar stuffed furnishings; lamps and lighting fittings, n.e.s.; illuminated signs, illuminated name-plates and the like; prefabricated buildings",,,,,,,,,189633,,,0
HS,2013,201310,October 2013,2,0,1,Imports,678,Sao Tome and Principe,,710,South Africa,,,,,,,,,94,"Furniture; bedding, mattresses, mattress supports, cushions and similar stuffed furnishings; lamps and lighting fittings, n.e.s.; illuminated signs, illuminated name-plates and the like; prefabricated buildings",,,,,,,,,533,,,0
HS,2013,201310,October 2013,2,0,1,Imports,678,Sao Tome and Principe,,784,United Arab Emirates,,,,,,,,,94,"Furniture; bedding, mattresses, mattress supports, cushions and similar stuffed furnishings; lamps and lighting fittings, n.e.s.; illuminated signs, illuminated name-plates and the like; prefabricated buildings",,,,,,,,,12428,,,0
HS,2013,201310,October 2013,2,0,1,Imports,678,Sao Tome and Principe,,0,World,,,,,,,,,95,"Toys, games and sports requisites; parts and accessories thereof",,,,,,,,,43707,,,0
HS,2013,201310,October 2013,2,0,1,Imports,678,Sao Tome and Principe,,620,Portugal,,,,,,,,,95,"Toys, games and sports requisites; parts and accessories thereof",,,,,,,,,43707,,,0
HS,2013,201310,October 2013,2,0,1,Imports,678,Sao Tome and Principe,,0,World,,,,,,,,,96,Miscellaneous manufactured articles,,,,,,,,,19820,,,0
HS,2013,201310,October 2013,2,0,1,Imports,678,Sao Tome and Principe,,251,France,,,,,,,,,96,Miscellaneous manufactured articles,,,,,,,,,783,,,0
HS,2013,201310,October 2013,2,0,1,Imports,678,Sao Tome and Principe,,470,Malta,,,,,,,,,96,Miscellaneous manufactured articles,,,,,,,,,235,,,0
HS,2013,201310,October 2013,2,0,1,Imports,678,Sao Tome and Principe,,586,Pakistan,,,,,,,,,96,Miscellaneous manufactured articles,,,,,,,,,1057,,,0
HS,2013,201310,October 2013,2,0,1,Imports,678,Sao Tome and Principe,,620,Portugal,,,,,,,,,96,Miscellaneous manufactured articles,,,,,,,,,16219,,,0
HS,2013,201310,October 2013,2,0,1,Imports,678,Sao Tome and Principe,,784,United Arab Emirates,,,,,,,,,96,Miscellaneous manufactured articles,,,,,,,,,1526,,,0
HS,2013,201310,October 2013,2,0,1,Imports,678,Sao Tome and Principe,,0,World,,,,,,,,,97,Works of art; collectors' pieces and antiques,,,,,,,,,966,,,0
HS,2013,201310,October 2013,2,0,1,Imports,678,Sao Tome and Principe,,620,Portugal,,,,,,,,,97,Works of art; collectors' pieces and antiques,,,,,,,,,966,,,0
